,0
0,为什么零售品牌都开在购物中心里？
1,董中浪：从物流产业底层发展逻辑看AI的战略价值
2,谁在抢康师傅的面？
3,风暴之后阿里是否值得期待？
4,揭秘山西便利店生意经：下沉市场打组合拳
5,实现人工智能的三要素
6,数字化转型与人工智能
7,休闲零食的不确定性
8,邬贺铨：工业互联网发展已进入攻坚期
9,支付宝数字化全面升级有哪些变化？
10,下一个万亿级企业一定在产业互联网？
11,上海如何打造国际数字之都新名片？
12,如何看懂直播电商挖掘制胜点？
13,产业互联网为什么近两年开始爆发？
14,关于《我国工业互联网安全产业发展态势及路径》
15,上半年我国服务贸易逆差下降70％
16,2021年数字经济半年形势分析
17,【海南】打造区域性国际冷链物流中心
18,企业数字化转型怎么做？
19,中国纺织服装产业的“供应链之战”
20,广州：新的角色，新的使命！
21,商务部：促进外贸稳中向好发展需要依托会展平台
22,产业互联网的未来在于数字化供应链吗？
23,深扒中国最神秘的百亿快时尚巨头SheIn
24,解读阿里社区电商MMC布局
25,传统产业拥抱产业互联网的方法论
26,分析：工业互联网未来发展的六个趋势
27,广州国际消费中心城市建设占领城市经济竞争“新赛道”
28,2021物流专线企业如何活着？
29,工业互联网的价值路线之争 
30,免费试用 vs 免费增值: 关于SaaS的增长战略
31,新冠病毒疫苗货物道路运输技术的关键要点
32,工业互联网平台如何助力补链、强链？
33,新形势下传统企业如何进行数字化转型？
34,产业互联网的演进规律
35,5G应用“扬帆”计划起航工业互联网企业将作何响应？
36,生鲜战场的解法不在电商在社区店？
37,数字零售的再认识与新机会
38,申策：供应链金融发展的关键
39,雀巢、宜家等消费品供应链未来如何变革？
40,围剿美团：互联网最后的地面战争？
41,制造业数字化转型步伐加快
42, 算法是如何成为外卖平台统治工具的？
43,「留量时代」的制胜之道
44,肖亚庆：数字化转型是关乎生存和长远发展的必修课
45,宁德时代：一块电池如何撑起万亿市值
46,2021中国智能制造行业发展特点分析
47,加拿大工人罢工或影响跨境电商
48,沙特物流的轻资产协作模式
49,社区团购乱战如何杀出重围？
50,沃尔玛中国CEO谈会员店
51,大健康企业参与直播带货？
52,企业数字化转型新阶段需要做什么？
53,大数据探寻中国经济开放新动力
54,南宁百货引领数智化卖场的新趋势
55,多式联运将会是未来快递运输的发展趋势吗？
56,2021年11家产业互联网企业新晋独角兽
57,疫情下供应链断裂风险加剧
58,”双减“政策下培训行业当如何？
59,广州打造国际消费中心增新亮点：北京路获批“全国示范步行街”
60,物流企业转型网络货运能否破解税负困境？
61,中小银行如何实现数字化转型？
62,如何利用工业互联网实现制造业的转型升级
63,扎克伯格：Facebook在未来五年内变成元宇宙公司
64,从战略定位角度解读名创优品的快速崛起
65,生鲜电商出现大黑马令盒马、每日优鲜措手不及
66,新零售下的品牌变革
67,工业互联网的商业模式与发展方向
68,鸿星尔克带火了一众“心酸品牌”
69,传统企业如何应对数字化转型？
70,健身领域AI“魔镜”是不是”智商税“
71,Service才是SaaS的本意
72,揭秘唯品会悬挂式电商智能仓库
73,供应链金融该如何做好风险管控？
74,巨头们的电商焦虑：海外直播带货“众生相”
75,京东的新LOGO
76,智能经济正成为中国发展新引擎
77,企业数字化升级如何实现价值？
78,万亿市场的直播电商还能创造哪些价值？
79,如何推动数字经济与实体经济深度融合？
80,发展数字经济的关键要素是数据
81,广州如何造特色型国际消费中心城市？
82,零售业如何告别粗放时代？
83,AI营销的四种误区
84,关于中国工业互联网发展的政策、路径及推进
85,保税物流与供应链
86,中国公路货运市场的数字化创新与突破
87,国常会确定发展外贸新业态措施跨境电商综试区继续扩容
88,卖菜的为什么连鲜花都不放过？
89,京东为何突然涨薪？
90,建好海外仓提升外贸竞争力
91,京东云凭什么秀实力？
92,摩根士丹利：中国将超越美国成为全球第一大消费国
93,“立顿”谢幕，千亿袋泡茶市场迎来新玩家
94,技术狂欢中的“乌托邦”
95,抖音电商的“棋”下的如何？
96,悦己主义推动饰品消费增长
97,国务院办公厅关于加快发展外贸新业态新模式的意见
98,黄奇帆：产业互联网时代不讲道理的盈利模式行不通
99,互联网平台企业在多领域存合规风险
100,车货匹配平台的数据指标体系如何搭建？
101,广州：获国务院批准率先开展国际消费中心城市建设
102,中国供应链金融发展的AB面
103,上海：《推进上海经济数字化转型赋能高质量发展行动方案》
104,生鲜电商的终局是什么？
105,市场监管总局依法禁止虎牙与斗鱼合并
106,2021年中国生鲜电商行业研究报告
107,产业互联网将是中国经济数字化转型的一次大考吗？
108,为什么SaaS是最好的商业模式？
109,国内为什么找不到效率型零售公司？
110,营销界最缺的是成功经验的生活场？
111,如何用大数据集解决社会问题？
112,字节跳动手牵网红李子柒是怎样的大棋局？
113,私人太空旅行元年开启？
114,TikTok试图重返印度？
115,正念领导力助推组织变革
116,违规索评：亚马逊再封深圳大卖家
117,央行：推动供应链金融服务
118,中国互联网精英“卷”入新加坡
119,数字化的8个关键问题
120,印尼短视频社区Likee逐渐火爆
121,拜登的供应链战略数字化
122,中国供应链从「适应需求」走向「推动需求」
123,工信部：到2023年工业互联网标准体系基本形成
124,数据赋能驱动精益生产创新
125,50本最具影响力的中文商业和管理期刊评选
126, 网信办：数字中国发展报告（2020年）
127,2021年中国即时零售行业研究报告
128,2021年中国MarTech市场企业案例研究
129,中科区块链技术工程师认证考试（IBEC）
130,对决星巴克Manner胜算几何？
131,2020年中国网络营销监测报告
132,工业互联网时代的软件发展趋势
133, 卢永臣「定位」Tims咖啡
134,快手：社交与电商属性的新模式
135,供应链金融融资的业务模式
136,如何智迎零售新时代？
137,产业互联网企业吹响上市冲锋号
138,解密数字化采购撬动万亿市场的“欧菲斯”
139,科大讯飞：用AI书写百年时代答卷
140,跨境电商将迎来更大发展！
141,移动场景下的口碑评价：调节定向视角 
142,为什么直播电商为何颠覆传统电商？
143,生鲜电商的破局者和淘汰者
144,颐海国际解绑海底捞能否焕发新生？
145,To B私域体系是伪命题？
146,跨境电商零售进口商品退货流程
147,众陶联：以数字化攻克陶瓷行业痛点
148,国货逆袭，安踏、李宁「猛增长」
149,从工业经济蝶变到数字经济
150,2021年全球20大物流系统集成商排名榜
151,生鲜电商不受资本青睐？
152,奈雪的茶：想做中国的生活方式品牌
153,抖音《电商创作者管理总则》上线
154,To B凭什么撑起万亿估值？
155,格力的供应链管理模式大解析
156,满帮集团成为2021年IPO规模最大中概股
157,企业如何实现算法治理？
158,市场采购—新业态新模式是我国外贸发展的有生力量
159,每日优鲜美国上市成社区零售数字化第一股
160,中国电商快递自动化包装技术新发展
161,第四次工业革命与算法治理的新挑战
162,刘大成：数字化时代下的产业互联网生态变革
163,阿里被罚182亿后，更大的危机在后面
164,快手十年，那些改变的和不变的
165,特斯拉布局超级计算机，野心是全自动驾驶
166,互联网时代下的KOL营销
167,广州双链式“链长制”将带来什么？
168,机器学习与深度学习有什么区别？
169,苏宁国美之争迎来了大结局
170,当亚洲商业领袖快速崛起，世界该向他们学什么
171,谢海：产业互联网必须是“数字引领、服务至上”
172,供应链金融生态连接器：银企链正式上线
173,国务院会议：确定加快发展外贸新业态新模式的措施，推动外贸升级
174,每日优鲜、叮咚买菜是生鲜电商的“上岸潮”？
175,中科区块链技术工程师认证考试（IBEC）
176,构建珠江三角洲全球供应链优势—面对美国贸易保护主义的挑战
177,电商直播交易量如何提升？
178,为什么特斯拉会选择在上海建立工厂？
179,赛诺菲：疫情常态化时代，医药巨头如何在“线上”起舞？
180,中美数字经济的差距
181,中国Z世代消费升级，将催生游戏行业哪些新趋势？
182,互联网的基本逻辑
183,张燕生：数字赋能，让新型消费和智慧流通更有效率
184,余晓晖：2022年工业互联网将迎来快速发展阶段
185,腾讯的快与慢
186,企业动态：满帮集团上市
187,奶茶救得了中国邮政吗？
188,谢涛：卫星互联网是未来10年最大看点
189,如何利用数字化转型技术赋能商业新场景？
190,物联网行业逐渐走向场景红利
191,一个“连续变焦”的产业观察方法
192,严力：我们投有“供应链”思想的公司
193,如何利用数字化转型技术赋能商业新场景？
194,王微：产业互联网时代的数字化转型与创新
195,​2021中国物流行业图谱
196,新零售的“归真”之路
197,物流3.0时代的“场景物流”
198,吴晓波：新国货的“植物自信”
199,行业数字化转型已是大势所趋，中国系统助力行业加速转型
200,万亿规模工业品电商已崛起
201,荣耀：看重鸿蒙，但我选安卓
202,如何应对新商业环境下的物流发展与挑战
203,字节跳动“推荐算法”等核心技术宣布开放
204,星巴克玩转社交零售
205,供应链金融资讯
206,新消费下半场：流量战转入品牌战
207,生鲜电商赛道缘何再引资本追逐？
208,阿里巴巴做了个SHEIN？
209,数字化加速下，产业互联网的几个关键词
210,轻装信息化是理解数字经济发展的技术基础
211,后疫情时代的智慧城市—智慧城市建设启示录
212,由实践到科学：企业家发展管理理论的方法论
213,直播带货场景下的直播平台为电商平台的商标权案宣判！
214,当前国企数字化转型的进程、挑战与思路
215,越南欲摆脱“中等收入陷阱”
216,王维：供应链做到极致，就是把一切非标服务标准化
217,远洋资本王瑞：产业数字化浪潮下的投资机会
218,现代物流体系建什么？
219,出海干货：中国企业出海的制胜关键是什么？
220,新零售时代商业该如何玩转新媒体营销？
221,小仙炖：用数字化打响新品类长红战役
222,最新：中华人民共和国数据安全法颁布
223,深度解读：从信息化到数字化，从CIO到CDO
224,数据中心，从“电老虎”走向“数字经济发动机”
225,如何实现生产制造数字化运营管理升级
226,2021年全球第三方物流发展趋势
227,「有赞」想做新零售
228,唯品会悬挂式电商智能仓库
229,中国第一梯队SaaS企业的成功经验和发展之道
230,仓库为何需要自动化立体仓储
231,工业互联网专项工作组2021年工作计划
232,产业互联网投资的平台思维到底是什么？
233,我国首次发布《数字经济及其核心产业统计分类（2021）》
234,面对环境的不确定性，你需要整合思维
235,供应链金融的商票融资模式
236, 从田野实验中，寻找管理的终极解决方案
237,工信部：年内基本完成国家工业互联网大数据中心建设
238,供应链金融的营收模式
239,海关总署：前4个月我国外贸进出口总值11.62万亿元
240,打破传统营销瓶颈的立白如何释放品牌新引力？
241,工信部发布“5G+工业互联网”十个典型应用场景和五个重点行业实践情况
242,物流企业如何借力实现数字化转型？
243,美团、多多买菜、十荟团发展策略有何不同？
244,高端对话：AI+物流的现在与将来
245,逆势成长，拼多多投资价值分析
246,解码有赞新零售战略
247,商务部等12部门支持生鲜超市、前置仓等进社区
248,我国冷链物流发展的现状、困境与政策建议
249,干嘉伟：阿里、美团搭建高效销售团队的四步法
250,“三位一体”打造数字经济新优势
251,基层供应链金融支持实体经济发展的瓶颈因素及应对策略
252,2021年供应链金融分析报告
253,企业数字化转型的四个“有为”与六个“数字化”
254,习近平：坚决打赢关键核心技术攻坚战
255,树根互联：工业互联网国际榜单“中国唯一”是如何炼成的？
256,我国与45个国家和地区实现海关AEO互认
257,创新创业的道与术
258,“私域流量”是个大金矿，但不是每个人都能淘到金
259,如何玩转社会化学习
260,新品牌从0到1的破局关键是什么？
261,数字化如何开启传统国潮品牌的新增长？
262,农业农村部：加快农业全产业链培育发展，支持开展供应链金融
263,揭秘B站、爱优腾芒、抖快的底层逻辑
264,物流的结网之战
265,韩雪峰：物流已踏入洗牌期？
266,工业互联网 为智能制造开路
267,电商市场迎“洗牌”，阿里输了
268,特斯拉数据中心落地中国 背后有何深意？
269,星巴克的数字化“铁甲”
270,美妆零售的变革：即时零售、内容零售、集合零售
271,周济：今后15年是智能制造发展关键期
272,商派oneX：重新定义品牌零售数字化运营平台
273,企业数字化升级落地难？
274,人工智能会让人类追寻“理想能源”梦想成真吗？
275,供应链平台与供应链票据平台的异同 
276,明略科技吴明辉：数字化未来的三大趋势
277,“运去哪”成国际物流数字化领域唯一中国独角兽
278,宝供物流入榜第一批全国供应链创新与应用100家示范企业名单
279,直播电商的弊病终于要改革了
280,电商仓库管理的难点与解决方案
281,困境中的生鲜电商如何被拯救？
282,数字零售：新零售的掘墓人
283,供应链金融不局限于融资，而是提供综合金融服务
284,供应链管理：传统餐饮供应链中的问题
285,“工业互联网”评论 | 前景可期 整装待发
286,迎接智能时代：从理念共识迈向共同行动
287,齐商银行：“数字信任”或将成为供应链金融创新发展的关键词
288,潮玩，走向风口浪尖
289,新“国潮”让消费更时尚
290,工业4.0下的BOM实践！
291,社区团购之争如项庄舞剑意在沛公
292,产业互联网的产品和运营怎么做
293,全球人工智能十大最顶尖国家
294,健全数字生态，释放数字经济新动能
295,机器学习算法的四大金刚
296,习主席心中的“数字中国”
297,推进城市数字化转型应把握五大关键
298,工业互联网行业未来繁华“涌现”
299,兴盛优选—“卖菜”崛起的独角兽
300,供应链：WMS出库管理
301,张一鸣卸任字节跳动CEO：“感觉过去几年都在吃老本”
302,26年磨一剑—周云杰谈海尔创牌的“寂寞故事”
303,KK集团的新渠道“革命”
304,阿里如何激活传统农业
305,社区团购不是洪水猛兽
306,一图看懂广东贸易高质量发展十大工程！
307,黄贵生：互联网平台应该轻资产？
308,盲盒经济的下一站在哪？
309,上周发生的电商圈大事，你错过的都在这儿了！！
310,通过数字化转型我们能获得什么？
311,方法论：如何应对危机中的决策冲突？
312,美宜佳+华润雪花啤酒，新零售模式“进化”？
313,大浪淘沙，小鹏汽车为何屹立不倒？
314,献礼世界电信日：企业数字化转型专著重磅出炉！
315,产业数字金融：一场银行输不起的战役
316,TikTok 是如何击败特朗普的？
317,从10元店到年赚180亿，名创优品如何让用户主动留存？
318,线下连锁零售业，生鲜采购工作如何做到精细化管理？
319,张永红眼中的产业互联网：数字服务企业的商机，传统企业崛起的机会
320,阿里云跨过“分水岭”
321,直播带货进入中场，平台强推「自播」
322,虹桥商务区将打造千亿级国际贸易总部集聚区
323,互联网的本质是什么？
324,新发展格局下数字经济创新的战略要点
325,如何运用设计思维，打造更幸福的生活？
326,数字化发展与服务化转型 ——来自制造业上市公司的经验证据
327,垄断阴霾下，阿里迎首亏
328,永辉超市，你怎么了？
329,10个月亏损200亿，极兔的低价“七伤拳”伤到了谁？
330,百世快运VS安能物流：谁能成为快运第一股？
331,推动全球数字经济治理
332,中国人口14.1亿背后，值得关注的是什么？
333,一知智能顾泽良：私域智能化给新品牌的差异解法
334,盒马、山姆、COSTCO，会员店“抢滩升级”
335,线下零售业店长经营生鲜必须了解的三个问题
336,直播营销的关键决策要素
337,未来，最有效的商业模式是什么？
338,供应链零碳转型如何落地？
339,做私域流量的态度就是直取核心
340,到底怎样才算碳中和？这5个评估标准一定要知道
341,社区团购的“局部战争”
342,万亿零食赛道进入“深水区”
343,B2B电商平台中，供应链金融业务分析
344,面向未来的数字化转型：伊利用数字化思维引领健康食品行业 | 特别策划
345,生鲜电商决战前夜，万亿级赛道第一股花落谁家？
346,中国制造业国际竞争力持久不衰的理论解释
347,“新国潮”：有时代感也有烟火气
348,数字经济创新的四大战略要点
349,2018-2020年度前海蛇口自贸片区供应链创新案例评选结果公示
350,科大讯飞能否站稳C端江湖？
351,数字化供应链金融解决方案之：赋能商超行业新发展
352,研报：从兴盛优选，看社区电商的未来
353,直播电商大变革
354,第七次全国人口普查结果公布！全国人口共141178万人
355,美媒：疫情后将迎来全球化黄金时代
356,“国货”思路下打响品牌的四种角度
357,央行数字货币大比拼！百花齐放中差异化探索，“货币之花”该如何开放？
358,叮咚买菜，是个好生意吗？
359,数字经济驶入快车道
360,优衣库：疫情下的行业领军者
361,直播带货新玩法你了解吗？
362,湖北省发布16条重点产业链
363,新造车抢人大战：200万年薪挖角，有团队被挖空
364,为什么大公司终于开始用SaaS了？中国SaaS的机遇、战术与野心
365,生态，才是SaaS的未来
366,五大核心观点解读跨境的商流与物流相辅相成
367,网红电商第一股“如涵”退市
368,迈外迪“小热”赋能李宁门店数字化升级
369,2021抖音电商生态发展报告
370,印尼最显赫的投资人，从“煤老板”转身为“印尼孙正义”
371,供应链高手必须掌握的79个专业术语
372,我们应该如何衡量数字经济？
373,代工企业优化升级的破局之路
374,建立数字化央企，领跑数字中国新征程
375,“翻船”还是“翻身”，取决于数字化转型的关键4步
376,暨南大学科技成果转化方面四大经验
377,从“燃”到“烧”，数字化转型中SaaS火了但还远远不够
378,“孤狼”极兔
379,无人配送车市场拐点已到，美团、京东、阿里……谁先制霸市场？
380,2021年中国批发直播电商发展前景及趋势分析
381,制造业供应链创新发展与应用的8项顶层设计
382,快递包装产业全景解析
383,数字化发展的浪潮
384,重磅：京东物流上市再进一步，聆讯后资料集披露
385,网络货运平台如何夯实自身优势?
386,谁领跑网络货运平台上市？
387,阿里巴巴前最大股东换主！背后那个华人天才少年，何去何从？
388,一篇文章把资产证券化（ABS）的问题全部讲清楚！
389,超市业态何去何从？ —数字化转型不要本末倒置
390,供应链金融ABS实操手册
391,关键供应商：为什么长期关系是最经济的关系？
392,工业互联网、区域经济与中小企业转型
393,智能工厂物流系统规划步骤与关键要素
394,“退可守、进可攻”？小米生态互补者的战略抉择
395,解决“哈定悲剧”的营销学方案：提升心理所有权
396,重磅！中央政治局会议要求积极发展工业互联网，加快产业数字化
397,智能工厂物流系统规划步骤与关键要素
398,数字智能化社会催生数字化就业新常态
399,伯克希尔2021年股东大会万字实录
400,完美日记元气森林钟薛高，如何疯狂崛起？
401,2021年巴菲特股东大会4万字完整版
402,Metaverse: 互联网的未来是虚拟时空？
403,“八个严禁”：广东严肃整治“二选一”“大数据杀熟”等平台乱象
404,谋势而动，协同创新：东华软件的战略领先之道
405,未来已来：产业空间下的生态竞争与演化
406,数字时代中国产业结构的发展规律与转型升级方向
407,互联网告别80后
408,互联网与供应链金融的结合
409,不懂复盘，再努力都是低水平勤奋
410,薇娅快跑
411,中科区块链技术工程师认证考试（IBEC）
412,京东进军IT办公租赁市场 意欲何为？
413,粤港澳大湾区供应链如何发展？关键是这一点
414,快手南下—电商狂奔
415,数字化转型的本质是什么？
416,可怕的网红经济学
417,直播带货要“变天”？淘宝这次放大招了
418,再获2.5亿美元投资，瑞幸劫后重生？
419,通往未来之路：下一代互联网与 Metaverse
420,文和友“破圈”：商业模式能走多远？
421,数字化转型背景下，如何高效地做好数字化运营？
422,加强供应链金融创新，发展应收账款、存货、仓单融资
423,不“唯数据论”的数据驱动，提升有效决策
424,经济聚焦：数字中国建设全面推进
425,华人混战东南亚快递
426,抖音无边界：6亿用户引发的一场商业跃进
427,完美日记凭什么崛起？
428,王继祥：快递服务制造业—市场需求与创新模式
429,采购精细化管理之供应商模具管理
430,5000亿大件快递市场，谁能争雄？
431,寻找不确定时代的数智化转型之锚
432,中国数字经济互联网之中国特色平台发展模式
433,深挖 80 万亿数字经济的 8 大商机
434,广州专业市场行业数字化创新联盟成立，推动产业升级再添“一臂”
435,总链长：“链长制”变革中国供应链
436,推动制造业数字化、网络化、智能化发展
437,广东加快数字化发展 打造数字经济新优势
438,数字化：新零售跳出电商陷阱的“支撑杆”
439,看！数字化赋能广东制造业转型升级
440,国家信息中心发布《2020中国网络媒体发展报告》
441,商务部强调电商行业发展与规范并重
442,苏宁张近东投资12年败给国美黄光裕狱中12年？
443,徐锟：产业互联网平台级企业需要哪些底层能力？
444,产业数字化如何转型？嘉兴发挥“红船精神”
445,2020年中国数字经济产业链生态图谱及发展前景深度剖析
446,名创优品逆增长，靠什么？
447,抖音 VS 快手：品牌自播实用方法论
448,7-Eleven人效比肩阿里巴巴的背后，从利益共同体到命运共同体
449,腾讯战略再升级，首期投入500亿推动可持续社会价值创新
450,行云集团完成6亿美元规模C2轮融资，全面布局出海数字供应链服务
451,关于构建数字化供应链金融共享平台的思考
452,轻装信息化是理解数字经济发展的技术基础
453,数字经济时代的企业管理创新
454,医院数字化转型为“看病难”画上“休止符”
455,走有中国特色的工业互联网平台发展道路
456,王晓东：供应链金融未来发展的五大趋势及三个模式
457,安踏李宁“逆增长”！
458,赛迪解读：发展工业互联网，优化和稳定产业链供应链
459,王月琴：加快制造业数字化转型 建设工业互联网示范区
460,三方物流如何把握产业互联网带来的机会？
461,推动平台经济规范健康持续发展
462,国潮正当时，中国本土品牌该如何征战百亿国潮市场？
463,持续推进绿色流通 我国绿色商场达375家
464,国务院办公厅：进一步推动稳外贸稳外资
465,平台反垄断执法如何推动创新
466,市场监管总局、中央网信办、税务总局联合召开互联网平台企业行政指导会
467,“以人为中心”是国企数字化转型的底层逻辑
468,阿里巴巴被罚3天后，浙江省委书记、杭州市委书记分别表态
469,全球供应链呈现新态势，平衡布局是关键
470,我国物流服务平台运行特点及发展趋势
471,面对数字化大趋势，企业如何迈出第一步？
472,融合融通“双链” 加快建设交通强国
473,李志刚：工业互联网千亿级创业机会正在加速到来
474,国家发改委：合理布局县乡村冷链、配送等设施网络
475,抖音终于站在了淘宝的敌对面
476,大力发展数字经济
477,为什么说“兴趣电商”只属于抖音？
478,中国数字经济就业发展研究报告：新形态、新模式、新趋势 
479,美团崛起、百度掉队，互联网平台谁将垄断下一个时代？
480,为什么星巴克的服务员不太热情？真相发人深省…
481,智慧零售餐饮数字化服务商“科脉”获腾讯战略投资
482,苏宁的“新棋局”？
483,兴盛优选：社区团购明星
484,谢少锋：工业互联网“综合性+特色性+专业性”的平台体系基本形成
485,数字经济何处发力？这15大新业态、新模式被划重点
486,市场监管总局对阿里巴巴“二选一”垄断行为作出行政处罚
487,马兴瑞发表《加快数字化发展》文章
488,监管平台可能扼杀创新，如何避免？
489,数字创业生态系统—批判与重构
490,2020-2021年中国快递物流行业发展背景及核心数据分析
491,加快推进创新发展数字化转型
492,福布斯发布2021年全球区块链50强
493,区块链赋能供应链金融|应用优势与四类常见模式
494,生鲜销售额占比小于35% 平台可实现盈利—社区团购调研报告
495,中科区块链技术工程师认证考试（IBEC）
496,解码后疫情时代中国经济高质量循环关键
497,2021年，实体零售转型的五大关键力量
498,有效私域基建关键年，腾讯给零售带来了什么？
499,SK-II进军电影业，对品牌意味着什么？
500,如何辩证看待实体经济与数字经济？
501,数字经济对GDP的贡献，究竟有多大？
502,7-Eleven便利店：日本、中国台湾与中国内地的比较研究
503,数字经济怎么干？蓝图已绘就！
504,数智化先行者做对了什么？
505,中小企业数字化转型升级的难点
506,产业互联网能否成为腾讯增长新引擎
507,工业互联网迈入快速成长期
508,Costco要来广州了 
509,新能源汽车5年推广方案正式印发，加速迈进全面电动化时代
510,科技创新 改变生活
511,数字化转型的朋友圈力量：走向新型伙伴主义
512,移动互联网下半场：开放还是封闭？
513,未来商业变革的新机遇在于三种经济
514,数字经济发展赋能智慧城市建设研究
515,未来20年，产业互联网将重构产业格局
516,中国进口增强世界经济动能
517,B2B电子商务指南：传统已去，数字化已来
518,抖音大举布局电商，淘宝难逃一劫
519,销配一体化是网格仓老板的救命稻草吗？
520,棉花的供应链为什么牵连到新疆
521,关于积极推进供应链创新与应用的指导意见
522,数字化创新驱动中国零售供应链协同
523,抖音悄悄开启粉丝群聊功能的测试
524,我国建设金融网关，提升跨境网络与信息服务水平
525,UPS折戟零担快运：战略聚焦，更好而非更大
526,天猫国际“五新”策略：半年为中小品牌开1000家进口小店
527,数字化与后疫情时代的管理变革
528,腾讯第二收入来源，2B业务挑大梁
529,跨境通将向小米等出售帕拓逊100%股权
530,供应链高手必须掌握的79个专业术语
531,如何通过“有同情心的系统领导力”参与构建新世界
532,数字化环境下的组织管理创新
533,淘宝特价版已联动120万产业带商家
534,中国供应链金融发展六大趋势
535,中国南北平衡发展差距研究
536,科技助推宝供数字化转型与升级
537,基于数字平台的可持续的供应链金融
538,亚马逊呼吁印度政府不要更改电商外商投资规则
539,中科区块链技术工程师认证考试（IBEC）
540,数字广告的变革：有没有第三条道路？
541,电商娱乐化成为新风向标 着力打造良性流量闭环
542,一段涉及百度的AI秘史
543,供应链管理与“盲人摸象”
544,大糖粮网：数字科技赋能农业，改变传统大宗农产品交易方式
545,马斯克正在成为“全球带货第一人”
546,UVCA时代，产业协同的供应链是未来方向
547,数字化，是你改变了世界，还是世界改变了你
548,从三顿半咖啡的崛起看新品牌如何打造超级爆品
549,供应链金融五大乱象
550,优衣库的供应链管理秘诀是什么？
551,黄峥为何敢放手拼多多？
552,去年我国生鲜电商企业注册量同比增逾3成
553,美国《国家货运战略规划》解读分析
554,农业数字化转型发展研究
555,增强供应链自主可控能力的思路与策略
556,数据中台驱动下，万亿家装市场的数字化全新时代
557,扩大跨境电商零售进口试点，建设国家进口贸易促进创新示范区 
558,从零开始，构建数据化运营体系
559,邮政公布反差快递数据，京东却早已布局
560,如何用“地产+基金”模式玩转物流地产？
561,赛迪解读：如何加快制造业数字化转型？
562,增强产业链供应链自主可控能力
563,全面解读民法典供应链金融保理合同章主要条文
564,美欲牵头建“无中国”供应链
565,全国制造大省打造产业链新模式
566,全球制造业格局演变与中国的应对之策
567,如何把阿里关进监管的笼子?
568,万亿帝国的发动机
569,互联网时代：传统媒体面临的挑战
570,十三届全国人大四次会议，国务院总理李克强作政府工作报告
571,"立足国内大循环,协同推进强大国内市场和贸易强国建设"
572,亿万级购物中心商业数字化市场，该如何破？
573,数字化创新驱动中国零售供应链协同
574,智能仓储管理（WMS）系统建设理念
575,2021年中央一号文件有关物流与供应链的要求
576, 5G时代下，苏宁如何看待未来零售发展？
577,产业互联网的新意
578,什么是产业互联网
579,国际消费中心城市怎么建？
580,区块链技术将重新定义版权保护
581,三星、思科持续创新的秘密
582,商务部：将加强电商的行业管理，防止资本无序扩张
583,转型难，数字化更难 采购管理成企业数字化转型最佳切入点之一
584,探秘网红美妆店Harmay话梅，单店凭什么估值10亿？
585,为什么Shopify仍然是伟大增长股？
586,收入、需求、市场以及生产大调整
587,如何提高IT领导力
588,农夫山泉钟睒睒成亚洲首富，企业高增长的背后有哪些财务密码？
589,WMS与TMS实施流程
590,从供应链的演进之路看未来发展，供应链需要数字化吗？
591,供应链管理的8大关键指标
592,外媒：英国税改受影响最大的是线上卖家
593,“十四五”时期如何推动产业链优化升级
594,产业互联网启示录
595,“区块链+供应链金融”业务成上市公司重点布局
596,中国互联网巨头纷纷“重仓”新加坡
597,43年来首次消费负增长、收入少增储蓄多增万亿，真买不动了吗？
598,新世界大丸百货—开启直播经济线上线下双向引流
599,千亿美金SaaS巨头是如何炼成的？
600,商务部发布《电子商务企业诚信档案评价规范》行业标准
601,生鲜电商扎堆上市 谁将稳坐“第一股”
602,物流行业及其发展趋势
603,通达系垫底，邮政不敌菜鸟，顺丰错失第一
604,数字平台驱动能源企业数字化转型
605,中国电商为何活力十足？
606,唐隆基：供应链的数字化重塑
607,拼多多为何能够一跃成为第二大电商平台？
608,数字经济的崛起与规范
609,展望2021年中国供应链金融行业发展重点及趋势
610,关于建设中国特色的工业互联网体系，促进实体经济高质量发展的建议
611,上海：以“数据之治”助力打造国际数字之都
612,疫情助力打开下沉市场，2025年市场规模超3000亿美元
613,2021年人工智能将如何发展？
614,京东物流交表 未来二级市场能值多少钱？
615,新零售和社区团购价值何在？
616,如何把做实做强做优实体经济作为主攻方向
617,中国互联网发展迎来新机遇
618,苏宁易购为何引入国资战略股东？
619,赴美IPO，叮咚买菜能否携资本突围？
620,阿里副总裁：被验证的数字化转型方法论到底是什么
621,2021年京东物流重塑物流，从性价比到定价权 
622,如何打破社区新零售的伪命题？
623,我国工业互联网发展面临的问题与挑战 
624,我国生鲜供应链的中下游现状：问题越大、机会越大！
625,产业互联网的新意
626,降！降！降！猪肉价格坐“滑梯”！
627,工业互联网创新发展必须强化网络安全的“底座”作用
628,直播电商下半场的风口会在哪里？渠道？产品？服务？
629,如何在思维、行动上都快人一步？
630,落实“爱国者治港”才能实现经济长期繁荣
631,备战数字化时代 多家央企晒“十四五”转型路线图
632,20.49万亿！信托业年度数据来了
633,美智库预测下一代互联网发展趋势：去中心化的概率约为60％
634,隐形冠军之路：手机行业的四次跳跃
635,2021年广东省数字经济行业市场现状与发展前景分析
636,「字节跳动」投资2020：全面开花、深入布局
637,企业家的眼界和格局决定了企业的未来
638,工业互联网的「未来战争」
639,市场监管总局对唯品会有限公司 不正当竞争行为作出行政处罚
640,生鲜玩家争相“谋上市”？
641,优衣库市值超ZARA，下一个“赛点”是数字化？
642,构建与国内大循环相适应的现代金融体系
643,前置仓加速奔跑：叮咚买菜成2020年用户增长最快生鲜电商
644,销售额突破百亿，跨境物流递四方遇上“新烦恼”
645,物联网为国家带来的商业机会
646,激发全球治理变革新动能
647,快手成功上市，给创业者的三大启示 
648,从“深港”到“深港穗”，创新集群演变对大湾区意味着什么？
649,深剖美团履带战略：美团优选是如何短短五个月领跑行业的？
650,工业软件增速引领全球，企业数字化势不可挡
651,万亿市场规模的教育产业互联网，有哪些商业机会？
652,数字经济时代的企业管理变革
653,关于互联网巨头该不该进入社区团购的深度思考
654,互联网医院的核心是什么？
655,数字货币背后打开了新的发展格局
656,2021文化科技融合的三大方向展望
657,广州实物商品网上零售额逆势增长三成
658,数字化意识觉醒 产业互联网供应链将迈向何处？ 
659,国美零售再出奇招 供应链创新成2021年破局王牌
660,工业互联网加速进入移动物联网时代 
661,社区团购，催生物流“新物种”？
662,阿里全球化稳步推进，Lazada季度订单继续实现三位数同比增长 
663,在新零售时代，BI赋能零售行业数字化转型
664,蚂蚁链：如何促进产业数字化升级转型
665,浪潮云洲工业互联网平台创新实践受权威机构关注
666,浙江蓝卓：打造supOS工业操作系统极致体验
667,中天互联：开创工业互联网全新产业版图
668,卡奥斯：携全球生态伙伴共创工业互联网新未来
669,朗坤智慧：助力工业企业全面提升数字化时代的核心竞争力
670,发展工业互联网的六个关键点
671,2021年中国政府行业数字化转型十大预测
672,数字创业生态系统—批判与重构
673,拼多多公开物流专利 不自建也要追求效率
674,广州无线电集团助推广州国资国企数字化转型
675,产业互联网，消费互联网的掘墓人
676,产业互联网践行之互联网医疗：数字化营销SaaS平台
677,打破逻辑局限：横向思维
678,实体店，如何打通私域流量？
679,聚力数字化转型
680,AI时代下的企业管理：做不到的和不该做的
681,未来全球数字化进程将有五大趋势
682,如何看待工业互联网？
683,强化反垄断 推动高质量发展
684,帝国与叛军：亚马逊与Shopify之争
685,如何建立业务数据分析指标体系？教你完整的方法论
686,互联网、大数据、人工智能这三个概念有何种关系
687,花生日记打造直播电商新经济
688,AI产业化：或已进入1-N式发展
689,红杉资本创业成功的六大思考
690,数字化转型之路2：用数据洞察对抗直觉型决策
691,磁云数字CEO李大学：双链金融——产业互联网加速器
692,2021年你应该关注的物联网十大热门趋势
693,京东与基因的左右互搏
694,市值3400亿！张勇：海底捞商业帝国底层逻辑，就8个字 
695,韩都衣舍：从流量时代迈向品牌时代
696,把握全球产业转移新趋势 促进中国制造业价值链再升级
697,供应链：流量红利退潮，大公司为何热捧供应链？
698,私域流量为什么这么火?
699,快递行业价格战：再打5年不停歇？
700,社区团购的未来趋势：线上品类平台化，线下便利店化
701,习近平：完整准确全面贯彻新发展理念 确保“十四五”开好局起好步
702,医疗数字化，到底改变了什么？
703,数字化革命的“宝洁样本”
704,赛迪徐靖：工业互联网平台新模式新业态(七)共享制造
705,为何万亿级的团餐及供应链赛道，没有中国500强？
706,拼多多即将赢得中国电子商务战争的下一场战役
707,互联网巨头为何都有一个“农业梦”
708,广深加速打造全球城市合作共赢典范
709,西部新动力源崛起畅通国内大循环
710,回顾2019年中国航空物流行业运输量及未来趋势分析
711,别在团队建设上浪费时间和钱了
712,赛迪孙刚：工业互联网平台新模式新业态(五)服务化延伸
713,供应链金融的基础和发展趋势
714,运用金融科技做大做好供应链金融
715,科技企业如何进行社会创新？
716,回顾2020年全年网络零售市场发展情况
717,美团优选是如何短短五个月领跑行业的？
718,菜鸟的2020：产业互联网跑步前进
719,美妆集合店，还能火多久？
720,社交网络去中心化已成趋势，读懂核心底层技术选择和路线
721,新消费要抓住年轻人新需求
722,解决仓储物流数据分析的四种方法
723,四大方法掌握供应链金融核心要点
724,未来15年工业互联网为中国节约4500亿元，会是未来产业制高点？
725,电商平台商品榜单如何精细化运营?
726,物流管理能力：电商平台的核心竞争力
727,如何通过新零售给消费者提供更好的购物体验？
728,京东J社区2.0新解：“全域场景物应用”开启人居新时代
729,阿里、京东、美团、电通等电商行业营销模型汇总
730,苏宁物流制定未来发展路线规划
731,艺术品电商新卖点“钱途”几何 
732,东盟数字总体规划2025
733,新零售：互联网的再进化与逆生长
734,数字零售：新零售的掘墓人
735,深度：如果我们失去电商，产业将会发生什么？
736,力争实现全数字化，国美的“真快乐”APP有何玄机？
737,首个国家级“基于工业互联网的智能制造集成应用示范平台”！
738,B2B企业需要一个怎样的产品市场？
739,如何成功开启客户成功运营之路？
740,首个国家级“基于工业互联网的智能制造集成应用示范平台”！
741,互联网+药品：处方流转模式分析
742,如何看待工业互联网？
743,如何理解制造业高质量发展？
744,商业竞争，其实是认知之争
745,供应链金融带动产业链协同发展
746,平台反垄断：迈向“没有‘效率’”的经济学分析
747,2021年，关于产业互联网的七大发展趋势预测
748,私域社群如何提升活跃度？
749,营销运营化的策略与方法论！
750,互联网医院的核心是什么？
751,产业智库新引擎：树根互联为广东制造“支招”
752,如何通过四个步骤快速重构私域电商的运营策略
753,中国供应链金融重点必读的十五本书
754,从流量经济到数字经济：餐饮SaaS衍化的必经之路？
755,四亮点熠熠生辉2020中国经济亮色十足
756,“数据之外，模型之上”场景金融风险识别与管控体系详解
757,回顾2020年工业互联网融资情况表 投融资报告与分析
758,新一轮科技和产业变革对社会的影响与教育应对
759,智能化与工业互联网开启新机遇
760,从产品设计角度解读物联网四层架构
761,RCEP原产地累积规则辨析
762,麻省理工科技评论：百度自动驾驶技术商业化前景可期
763,打破逻辑局限：横向思维
764,实现数字经济和实体经济深度融合
765,《习近平关于网络强国论述摘编》出版发行
766,数字风控：赋能企业精细化运营
767,那些负债累累的商业大佬们，都是如何东山再起的？
768,腾讯 x IDC《未来经济白皮书2021》重磅发布
769,生鲜农产品电商供应链未来发展趋势解读
770,数字经济的要素分析
771,揭秘SheIn：中国最神秘百亿美元公司的崛起
772,产业互联网：远离消费互联网的“世外桃源” 
773,2020年中国直播电商行业市场现状与发展趋势分析
774,任何传统行业，都值得用数字化再做一遍
775,回顾《2020年直播电商行业白皮书》发布
776,回顾2020年网络零售市场盘点及趋势预测
777,广东省长马兴瑞在《求是》上发了篇最新文章
778,洞察组织的暗力量
779,自动化仓库控制系统的优化改造
780,“九不得”时代: 社区团购的变与不变
781,数字化供应链金融发展的十大问题及十七个建议
782,从湖南卫视到芒果TV的战略创业
783,2021年to B企业最应该做的事，向to C学习
784,社区团购背后的信息成本与信息革命
785,构建数字供应链金融应具备“四力” 
786,电商直播平台纷争处，企业入场电商直播如何破局
787,直播电商下一站走向何方
788,数字经济为什么需要反垄断？
789,共享经济将催生怎样的商业模式
790,2021经济：产业互联网让中国再获机遇可节约近3000亿元
791,新零售：互联网的再进化与逆生长
792,广州“十三五” GDP增约1/3
793,国内首个跨境公共分拨中心在广州南沙启用
794,工业设计推动制造业变革
795,计算机：工业互联网有望迎来加速发展
796,德国强化人工智能能力建设 加大高性能计算网络投资
797,让大数据真正发挥“大价值”
798,《求是》杂志发表习近平总书记重要文章
799,ZARA离撤出中国市场还会远吗？
800,2021中国咖啡市场，暗潮涌动？
801,2021新锐品牌数字化增长白皮书
802,供应链金融十大风险及七大防范措施
803,天虹如何利用数字化战略征战零售新场景
804,周小川：数字化时代货币与支付的演进原则
805,出海日报：科技公司大事件
806,盘点：2020年物流供应链领域投融资最全收录
807,建设数字政府：赋能政府治理现代化
808,阿里“新制造”要走工厂革命
809,经验丰富的CEO为什么反而表现不如新手？
810,以“创新逻辑”超越“市场逻辑”
811,森大集团跨国供应链升级之旅
812,邱伏生：智能供应链在智能制造领域的应用
813,TMS云助力沃尔玛中国物流供应链升级
814,下一个独角兽角力场：万亿工业互联网盛宴已开席
815,海尔、美的、三一等先行一步：数字化这样渗透到制造业“血管”
816,产业互联网独角养成记：快则2年慢则7年 多家独角兽计划IPO
817,名创优品背后的驱动力是什么？
818,回顾阿里2020年组织架构调整
819,刘强东密集换帅：京东三驾马车转向何方？
820,汪鸣：新发展格局下物流的变与不变
821,促进现代流通体系建设网络货运平台更应凸显服务的硬核力量
822,仓储物流规划实用数据分析方法推荐：ABC分类分析法
823,百年老字号“月盛斋”的互联网转型之路
824,“数字化+供应链”布局能否带来一场能源成本革命？
825,医疗健康产业数字化的未来
826,广州全面推进服务业扩大对外开放
827,供应链管理8大关键指标
828,2020年中国移动社交行业发展现状
829,汽车行业物流规划-循环取货
830,激荡2020：回顾物流业十大事件
831,比亚迪车标“进化”史
832,广州：“千年商都”孕育“电商之都”
833,数字化转型亲历者讲述：鞋王百丽如何转身
834,如何构建数字化能力的人力？
835,王继祥：智慧物流与新基础设施变革
836,短视频留住消费者需要几秒？
837,广州琶洲高新区正式获批 已集聚超189家高新企业
838,深圳三大综合保税区联动发展打造国内国际双循环窗口
839,下一个独角兽角力场：万亿工业互联网盛宴已开席
840,2021年商业环境会有哪些“新动向”？
841,银保监会：建议所有互联网平台对照蚂蚁集团问题自查
842,运用并购重组手段，助力双循环战略落地
843,ROI 、 BSC、SCOR的绩效体系比较分析
844,阿里数字农业，“棋局”已成型？
845,重塑成长之势：解码企业成长的底层逻辑
846,上海市位居2020年中国物流竞争力TOP10城市榜首
847,回顾2020年十大直播之城出炉！
848,国务院批准印发海南自贸港版外资准入负面清单！
849,数字化转型的关键：构建智能协同工作方式
850,多品种小批量产品供应管理的致胜之道
851,2020年，快递业为何逆势创出800亿件新高？
852,特大喜讯：广东合誉律师事务所首获PCT 国际发明专利
853,从十四五规划看数字化转型
854,兴盛优选：互联网巨头也没撼动的“土老板”
855,新时代的产业互联网：得数字化经营能力者得天下
856,商务部： “十三五”期间电子商务成经济增长新引擎
857,物流“助攻”全球网红新消费
858,数字化转型的“形、型、行”
859,数字经济新格局：以流量为核心的消费互联网过渡到以诚心为核心的产业互联网
860,2020年全国商务工作电视电话会议在京召开
861,新十年|未来仓储将会向高密度、高流量、货到人技术发展
862,国家启动电商税背后 专家称明年直播电商会大洗牌
863,巨头撬不动的B2B供应链
864,直播带货：全民蹦迪还是消费新常态？
865,UVCA时代，产业协同的供应链是未来方向
866,阿里涉嫌垄断如坐实将面临48.8亿元-488亿元处罚
867,国家市场监管总局征求意见：关于平台经济领域的反垄断指南
868,数字化如何驱动品牌「全链路升级」
869,2020年「MINI店」到底过得怎么样？
870,冷链物流入局生鲜电商领域，开启新一轮混战
871,物联网数智化管理可降低物流运输成本
872,MIC50：2020中国最佳创新公司50榜单
873,扩内需促消费，多方发力补农村物流短板
874,工信部公示2020年制造业与互联网融合发展试点示范名单
875,2020年中国直播电商行业收入情况及问题分析
876,互联网模式下物流行业的危与机
877,美团滴滴拼多多们曲线杀入，快递恐有“断流”之危？
878,为什么BOM数据总是不准？
879,智能工厂物流系统总体规划导向与逻辑
880,工厂自动化零部件仓储物流配送中心的规划设计
881,社区团购：流量之下，短中长期拼什么？
882,智能物流在离散制造业中的应用和实践
883,李平：数字化转型与三台组织架构
884,发展数字经济 共享包容增长 为经济发展插上“数字翅膀”
885,2020年我国快递业务量突破800亿件
886,市场监管总局联合商务部召开 规范社区团购秩序行政指导会
887,企业数字化转型的战略拐点
888,“双循环”战略下先进制造业发展态势及促进策略
889,中国主要港口全盘解析
890,2020全球企业服务科技创新TOP50
891,《科学》发布2020年度科学突破！
892,沃尔玛和TikTok首个购物直播间：海外网红带货能力几何？
893,最新中国民营企业500强榜单
894,【探索】物流企业的数字化学习之路
895,仓储管理的全流程SOP操作示范
896,外卖骑手的劳动过程研究
897,利丰私有化对服装供应链影响几何？
898,谈零售不如打盘争上游
899,为何山姆能坐稳会员制“老大”的位置？
900,SHEIN孵化新品牌，开出美妆独立站
901,复盘DHL发展史，探寻顺丰供应链未来
902,平台网络效应与消费互联网格局
903,“美版拼多多”上市，94%卖家来自中国？
904,新华三：构建一套可复制的数字化转型指南
905,2020年的造车新势力
906,当成千上万个SHEIN站起来，Wish的IPO还值钱吗？
907,为什么产业互联网的未来是一片蓝海？
908,O2O到家业务：如何让“商品供应链”成为竞争力？
909,2020中国企业500强雪松控股排第76位
910,蚂蚁金服井贤栋首次公开发声：中国金融科技离不开包容审慎的监管环境
911,发展数字经济，增强创新动能
912,医药物流角逐千亿市场
913,社区电商辩：互联网企业为什么不能卖菜？
914,在线教育2020：崩溃、理性与疯狂
915,数字化转型——CEO应遵循的五条黄金法则
916,中国零售业的成长之痛
917,数智化如何驱动企业的商业创新？
918,BCG助力企业数字化转型，获评行业领军者
919,为什么供应链软件厂商开始选择转向云服务
920,一汽大众佛山工厂的智慧物流系统
921,一文看懂 14 种自动化物流分拣系统运行模式
922,2020年BCG全球科技挑战者：新兴市场前100强花落谁家
923,万亿“火锅市场”，驶入新战场
924,2020年中国高科技高成长50强和中国明日之星获奖企业榜单
925,华为：客户关系的最高境界是什么？
926,智能分拣在件烟入库系统中的应用研究
927,供应链管理8大关键指标！
928,智能物流在离散制造业中的应用和实践
929,默克尔：全球经济力量正在改变 中国经济将实现正增长
930,智能工厂物流系统总体规划导向与逻辑
931,产业互联网与地方产业园区的关系
932,中国手机品牌又被“断货”？
933,TikTok：技术合作会成为中美“脱钩”之外的新选项吗？
934,淘宝直播APP找来了精通短视频的“新将”
935,印度山寨TikTok的乐与悲
936,阿里巴巴在东南亚要一展身手
937,非洲移动互联网—新蓝海
938,Zara和Uniqlo—两种极端的供应链模式
939,拼多多发现了社交电商的潜力，成功突破市场瓶颈
940,寺库：打造奢侈品直播的“双11”
941,京东健康正式登陆港股：刘强东中国首富之路按下“加速键”
942,消费品品牌和供应链的关系
943,从SaaS服务商到“增长服务商”，数字化增长“再进化”？
944,苏宁供应链心法 庄稼地种出新品牌
945,巨头纷纷入局，零售业最惨烈的战争来了！
946,张近东为何把苏宁押给了马云？
947,基于国际比较视角：我国数字经济规模并没有那么大
948,两张图让你一目了然营销的未来是什么？
949,中国高科技高成长50强：广深比重翻番占半壁江山，北京独占三分之一
950,全球支付清算体系
951,供应链金融生态系统全解读
952,新基建催生新场景 广州抢跑数字经济
953,700亿件快递背后的潜力
954,阿里改造农业的野心
955,被深圳、重庆超越后广州如何回归？
956,物流平台经常陷入的10大困境
957,六大行业趋势下，供应链需要怎样的人才？
958,京东健康的闭环商业模式
959,闲鱼的商业模式创新
960,淘宝改版背的背后逻辑
961,蚂蚁国际化新攻略
962,兴盛优选：被大厂冲击的“兴盛优选们”
963,O2O到家业务：如何从线下拉流量 盘活新老客户？
964,国贸商城：匠心与超越三十年
965,海外抖音TikTok“第一网红”坐拥粉丝一亿年仅16岁
966,供应链变革之路该怎么走？
967,王继祥：再谈关于物流标准化的几个认识误区
968,2021这些行业出口“爆单”了！
969,2020年退出或破产的零售企业名单！
970,被拼多多盯上的社区团购
971,「BA饰物局」开创饰品零售新模式
972,顺丰、京东物流攻入产业供应链新赛道
973,互联网巨头都盯上社区团购
974,“营销数字化10讲”之10：一把手怎么推动数字化
975,阿里，美团股价为何差距如此之大？
976,数字化平台赋能 构建金融科技创新生态
977,广百商业体验中心的创新探索
978,产业供应链数字化革命
979,吴菁芃：供应链创新——新零售体系下的库存管理
980,关于《深圳市扶持金融科技发展若干措施（征求意见稿）》
981,怡亚通：拥抱数字化变革 构筑医药流通新格局
982,面向2035的中国智能制造发展战略
983,为零售数字化踩下油门
984,产业链现代化：巩固壮大实体经济根基
985,2020年及以后的十大物流行业趋势与创新
986,从数字赋能看互联网新发展
987,高领资本的产业互联网布局
988,2020年的供应链金融创新点及新趋势
989,数字化转型为零售踩下油门
990,​王继祥：生鲜食品冷链物流中容易忽视的几个问题
991,互联网公司不道德行为为何屡禁不止？
992,苹果的“简洁管理”
993,吴菁芃：持续发展，科技向善——中国绿色仓储与配送系列专题
994,视频号还有哪些机会？
995,拼多多要与社区团购“划清界限”？
996,通用汽车：电池化学技术即将取得突破性进展
997,腾讯郭凯天：让互联网成为青年与未来的连接器
998,直播带货风凉了？
999,加强网络秀场直播和电商直播管理
1000,网易：距离互联网行业第一阵营渐行渐远
1001,以数字化助力农村留守老人“再社会化”
1002,良品铺子：数字化助力渠道变革
1003,社区商业、邻里中心的业态规模及发展方向
1004,南方航空：新航空业时代的数字化服务之道
1005,工业互联网如何纵深发展？
1006,Physical Internet物流和供应链领域的颠覆性创新
1007,印度重新对中国开放投资？
1008,一双袜子的数字化之旅：制造商如何做产销一体“大管家”
1009,供应链金融有哪些场景？
1010,「5G咖啡产业联盟」掀起数字化进化论
1011,“美版拼多多”提交IPO申请，H轮融资估值达112亿美元
1012,零售30年的苏宁公司
1013,网络货运平台：打造“信用堡垒”，助力现代流通体系建设
1014,字节跳动能否在教育市场杀出血路？
1015,良品铺子：6年撬动千亿社交电商市场
1016,洋码头：不同于拼多多 洋码头要走通不一样的‘下沉’之路
1017,日本东京银座快撑不住了
1018,LOFT：乱糟糟的杂货店为什么总让你欲罢不能？
1019,短视频是移动互联网迅猛发展的历史
1020,同城零售兴起，从餐饮外卖到配送万物
1021,新国货修炼记
1022,大润发的数智化转型
1023,新品牌的突围可能：大众市场、消费洞察与新国货运动
1024,在云上设计未来世界的「通用颗粒」
1025,KK集团成为了新零售领域的独角兽
1026,聚水潭：要向电商生态圈延伸 以电商SaaS ERP服务为切入点
1027,社群是零售企业运营私域的重要触点
1028,盒马打造「山核桃」背后的新零售野心
1029,拼多多和茅台的心理攻防战
1030,本来生活丁秀洪：生鲜赛道需要坚持长期主义
1031,淘宝：极致性价比背后的平台掌控力
1032,「香飘飘」稳中求变
1033,快手成功的偶然与必然
1034,新四维科技自下而上地介入蛋鸡供应链改造
1035,东北零售巨头「大商集团」的数字化转型秘诀
1036,内容与社交：把握电商流量竞争新趋势 
1037,蚂蚁再思考：如何看待中国的两种力量
1038,双11多个品牌创销量再新高
1039,国货美妆的“突围之路”？
1040,西方向中国学习电商、全渠道业务？
1041,《自然》：经常边用电脑边看手机要当心！
1042,“营销数字化10讲”之8：品牌商能够去平台化吗？
1043,供应链金融、贸易金融和物流金融的辨析
1044,毕马威刘斌江：数字化时代的智慧财务变革
1045,供应链金融：“科技创新＋平台赋能”打造共生共赢产融生态圈
1046,达观数据CEO陈运文：“AI+RPA”如何赋能企业数字化转型
1047,数字化经营系列①|数字经营：释放数据价值
1048,数字化时代：集团财务管控赋能“道法术”
1049,数字化转型的步伐与成效
1050,数字化经营系列④|数字财务：数字技术驱动财务变革
1051,数字化经营系列③|数字员工：价值主体崛起
1052,为何财务共享平台在各大企业得到广泛应用？
1053,中消协“双11”报告: 直播带货“槽点”多 李佳琦被点名
1054,如何让供应商变为合作伙伴？
1055,广州上新54家首店都被这些mall抢走了
1056,黑海生态—物联网时代的新战略思维及管理工具
1057,非洲移动互联网—新蓝海
1058,2020全球最有价值的50大高档和奢侈品牌
1059,是什么突袭了美团
1060,拼多多的优势、品牌商的抉择和经销商的生死
1061,张勇：商业数字化升级成就今年双11
1062,数字化的心脏——数据中台
1063,越发达的国家越不愿意用支付宝和微信 
1064,社区团购为何引半壁互联网巨头竞逐？
1065,智慧物流的新基建：一单、一码、一单元
1066,蜜芽创始人刘楠|入局抖音直播带货两个月的体感和思考
1067,我国数字经济规模占GDP比重超过36%
1068,收割者：腾讯阿里的20万亿生态圈
1069,顺丰控股：以UPS为锚，看顺丰长期价值【安信交运】
1070,国际锐评：全球最大自贸区开建是多边主义一个巨大胜利
1071,中国互联网巨头们最害怕的事终于还是来了！
1072,直播电商全民化，消费者对直播购物有何期待？
1073,供应链企业“双11”大战 百世如何赢？
1074,5年拿下1.1亿消费者 物美做对了什么？
1075,数字经济助力双循环新发展格局
1076,工业互联网加速发展背后的三大管理变革
1077,2020“双十一”战绩如何？
1078,中国仓储物流产业链全景图谱
1079,双十一大促圆满落幕，广州电商硕果累累
1080,京东工业品战略发布：实现产业链上下游数字化、平台化、生态化的无缝连接
1081,印尼版“内涵段子”CocoFun： 视频江湖的“黑马”
1082,走进广州X11潮玩店：看KK集团新品牌的野心与攻略
1083,邮政局发布快递消费提示：快递员负荷重 望给予理解
1084,数字化中的那些坑，你都踩过了吗？
1085,DHL快递预计全球电子商务交易量有望再创新高
1086,又一家老牌女装品牌败走中国
1087,天猫双11要讲一个新故事
1088,腾讯二次创业：ToB背后的云起十年
1089,预见2021：《中国物流产业全景图谱》
1090,“广州20强”企业将科技势能转为成长动能
1091,"双十一来了,四大电商主播将聚齐A股"
1092,吴菁芃：供应链与技术——供应链流程与信息技术创新分析
1093,双面双十一：下沉与直播的狂欢，疲惫的熬夜养猫人
1094,社交出海“三国杀”
1095,越南游戏，比制造业更早“雄起”了
1096,拉丁美洲处于失落期，但互联网的临界点正在到来
1097,国潮品牌崛起背后的四大路线图
1098,双十一开启物流业迎大考：拼速度拼科技拼环保，加快降本增效
1099,加速供应链变革：解读这家跨境产业龙头企业成长的秘密
1100,《关于加强网络直播营销活动监管的指导意见》
1101,5G和企业机遇
1102,推进产业互联网的中间道路
1103,天猫双11战报
1104,中美占领数字世界两极，其他国家机遇何在？
1105,品牌商和零售商，“用户画像”不一样
1106,营销数字化的灵魂是用户画像
1107,薇娅、李佳琦背后，是千千万万个“他们”
1108,冷链物流发展现状及需求趋势研究
1109,美妆界“喜茶”养成记
1110,吴菁芃：物流与供应链——信息化在供应链中的应用分析
1111,腾讯to B缩影：一支十年团队的进化史
1112,吴菁芃：中国标准化托盘行业应用报告（上）
1113,短视频第一股赴港IPO，快手招股书全解读
1114,知识密集型服务贸易增长迅速
1115,运营重构：留量时代的「场景金融」
1116,“到家业务”对传统商超意味着什么？
1117,吴菁芃：供应链与物流——从供应链战略角度看物流实务（下）
1118,吴菁芃：供应链与物流——从供应链战略角度看物流实务（上）
1119,世界三大“产业互联网平台”的战略与功能
1120,从一到九：数说直播电商
1121,网易严选退出：双十一该被抵制吗？
1122,贸易数字化：赋能与转型
1123,“3+1切口”成型：2020产业互联网已落地实体经济
1124,双十一“快”字背后的物流快递新变化
1125,掌握“六化”体系，实现供应链金融的生态共赢
1126,独家复盘“阿里系”八大危局事件
1127,百度收购YY入局直播电商
1128,5000亿，潮流市场“涌向哪”？
1129,中国宣布新设10个进口贸易促进创新示范区
1130,供应链金融企业要学习蚂蚁小贷？
1131,直播电商观察：价值、平台差异和未来猜想
1132,店铺吸引客流的十大定律
1133,汽车零部件入厂物流模式：大众PK丰田
1134,2020年中全球数字化营销报告
1135,数字循环：信息数字化征程新阶段、中国发展新战略
1136,良品铺子创始人杨红春：我们为什么一定要做高端零食
1137,ZARA还在，但没有人想学它了
1138,带货主播千千万，为何“黑马”是刘楠？
1139,JDL京东物流引领消费体验升级
1140,吴菁芃：供应链与物流衔接枢纽之生产流程篇（上）
1141,2020中国互联网企业综合实力百强企业
1142,吴菁芃：供应链与物流衔接枢纽之生产流程篇（下）
1143,吴菁芃：物流与供应链——仓储流程于供应链作用分析
1144,广州市加快推动专业批发市场转型升级
1145,东莞大朗入选全国市场采购贸易方式试点
1146,完美日记母公司启动赴美上市 
1147,国家邮政局：“双11”期间日均快递量预计达4.9亿件
1148,我国网络零售市场呈现的特点
1149, 2020邮政包裹博览会把脉四大问题
1150,产业互联网正处于风口前夜
1151,国内新零售巨头倒下，创始人和高管全被抓 
1152,王树彤：以数字化带动经济包容性增长
1153,交通运输部联合发布2020年国家物流枢纽建设名单
1154,《2020中国夜间经济发展报告》：场景创新与数字重构
1155,交通部：全力支撑现代流通体系建设 确保国际物流供应链畅通稳定
1156,关于推进交通运输治理现代化若干问题的意见出台
1157,冰与火之歌：SaaS与产业互联网
1158,物流才是生鲜供应链的护城河
1159,交通银行携手网盛生意宝推出“在线供应链融资”产品
1160,供应链金融要有当铺思想，不要盲信大数据
1161,独立站十年浮沉 如今仍是市场“泡沫”？
1162,王继祥：智慧物流推动物流装备制造业发展
1163,红杉中国种子基金领投:医药供应链赋能平台“一块医药”完成数千万元新一轮融资
1164,中国版Netflix来了，恒腾网络进军流媒体行业！
1165,2020双十一，直播电商成“主角”？
1166,效率源于科技（一）
1167,重磅文章 | 站在“十三五”与“十四五”的交汇点上
1168,效率源于科技（二）
1169,数智化供应链怎样重塑物流行业的未来？
1170,关于数据要素交易流通模式的新思考
1171,票据是供应链金融中解决中小企业融资最重要的工具
1172,后疫情时代，产业互联网企业核心能力如何构建？
1173,红杉中国10年物流投资布局
1174,双跨平台一年：工业富联“丰满”工业互联网“羽翼”
1175,京东物流CEO王振辉与全球大咖，对话全球供应链下的新机遇
1176,腾讯产业互联网投资十年脉络和战略布局
1177,吴晓波剖析中国物流四大进步：中国是全球最具想象力物流革命现场
1178,赛迪观点：5G与工业互联网融合发展的几点建议
1179,JDL京东物流要用科技改变供应链未来
1180,区块链及其应用的趋势&前景
1181,易观战略升级：面向留量时代的数字用户洞察与运营
1182,东南亚已成中国快递企业
1183,揭秘：双十一大促活动下，物流的筹备与管控
1184,千亿级市场的进口供应链，冷链物流的生死劫
1185,商品批发B2B流通服务平台的新物种
1186,专业市场变身记|广州越秀融入国际圈 尽显新潮范
1187,2020年双11的差异和压力何在？
1188,从0到1：腾讯参与新一代视频标准制定
1189,互联网行业数字经济的产业趋势与机遇
1190,阿里美团拼多多鏖战：社区团购能破局生鲜电商？
1191,吴菁芃：供应链与物流——供应链与流程分析
1192,吴菁芃：供应链与物流——供应链与流通之间关联分析
1193,市场监管总局发布《网络交易监督管理办法（征求意见稿）》
1194,美联储主席：做正确的事比首先发行CBDC更重要
1195,宋碧莲如何将自有知识产权的商用AI算法产品化推向全球市场
1196,刘烈宏：工业互联网融合创新涌现六大典型模式
1197,中国快时尚出海品牌SHEIN App下载量超过老牌H&M
1198,傅哲宽：产业互联网时代的投资机会
1199,任泽平：蚂蚁金服如何成为全球最大独角兽
1200,推荐观看：高速分拣机与智能分拣视频集锦
1201,阿迪达斯和 Lululemon 携手生物科技公司 Bolt
1202,优衣库中国门店数超过日本
1203,吴菁芃：供应链与物流—供应链系统中的供需管理技术（上）
1204,解读迅犀平台：共享经济与市场僭越者
1205,产业互联网给全要素生产率带来提升空间
1206,蔡进：供应链创新发展推进构建“双循环”新格局
1207,物联网让制造业物流业深度融合成为可能
1208,产品化的物流管理智能系统
1209,宋颖昌：紧抓产业发展机遇，深化工业互联网平台体系建设
1210,2020年91家零售商业绩分析
1211,黄贵生：产互平台模式下的供应链金融设计
1212,2020直播电商的逻辑已经变了
1213,日本零售业启示录
1214,中国快递业务量连续六年稳居世界第一
1215,供应链人才需求的分析
1216,京东数科：产业数字化领域的“首席增长官”
1217,嘀嗒抢跑IPO背后：出租车如何数字化改造？
1218,腾讯司晓：数字经济下新业态的发展与治理创新
1219,刘伟：“产业供应链+互联网”是从0到100的创新
1220,直播电商供应链，哪种模式将迎来新机遇？
1221,赋能新时代 习近平的大数据之道
1222,集成供应链：为什么集成不起来？
1223,深度讲解供应链金融的实质！
1224,京东王敬：巨头进入生鲜领域，背后的战略意图是什么？
1225,淘宝“一元店”，与拼多多的“真香战”
1226,拼多多美团，必有一战
1227,2020上半年电商直播超1000万场
1228,高瓴资本零售业投资心得
1229,新零售报告：供应链变革下的新产物
1230,数字化驱动供应链金融升级
1231,【变局】阿里巴巴未来5年11大战略机遇
1232,新零售成为未来零售业的发展方向
1233,物流企业数据化管理之路
1234,中国快递业--黎明前的最后一战
1235,中国的拼多多转向智慧农业来促进疫情后增长
1236,产业互联网重构供应链金融逻辑
1237,数字经济引领高质量发展
1238,国家发展改革委等多部门齐发声《数字中国建设全面提速》
1239,亚马逊公司启用新支付系统 摇摇手就能付款
1240,邹振东：国潮会越来越“潮”，审美还远未达顶峰
1241,重仓产业互联网的逻辑
1242,如何精细化运营一场有效的电商直播带货？
1243,产业互联网给全要素生产率带来提升空间
1244,双11大促来袭，速卖通卖家如何快速打造爆款？
1245,IP经济背后的理论机制与创业机遇
1246,马云正式出手 打响东南亚跨境物流“第一枪”
1247,马云：未来十年，是传统行业推进数字化的最后十年
1248,进入深水区的新零售前途未卜
1249,互联网家装再进化：一场以数字化之名的新启程
1250,“十四五”时期数字经济发展趋势与治理重点
1251,国内冷链溯源发展现状
1252,广州城市更新：主城功能有序疏解 千年商都生猛如昔
1253,英国美妆电商集团以6000万美元收购美国高端护肤品牌
1254,美团辗压饿了么，成阿里新零售路障
1255,大企业“阔绰”出手智能制造领域
1256,揭秘！华为为何能够强大得让美国害怕？
1257,京东物流第二次“逆行”
1258,产业互联网的变奏曲
1259,阿里拟入股全球最大免税店
1260,史上最全面梳理高瓴资本的投资逻辑！
1261,餐饮零售化，会成“主流”？
1262,真正的老板只做两件事！
1263,张勇：数字化是不确定性中最大的确定性
1264,王瑞：生鲜冷链将走向何方？
1265,中国新首富和快消市场
1266,网点组织架构，团队的力量
1267,二十年目睹民营企业家成败之个人特质
1268,人类不平等的起源：为什么每一次技术变革都加剧了贫富分化
1269,国潮的“潘多拉盒子”
1270,供应链需求计划：从数据出发，由判断结束
1271,黄奇帆 ：新基建将助推传统产业数字化形成具有颠覆意义的产业互联网
1272,2020中国企业500强特征分析、挑战与对策
1273,吴菁芃：基于供应链系统的多级库存管理应用分析
1274,黄子河：工业互联网平台驱动工业电子商务创新发展
1275,吴菁芃：新零售业态下库存管理技术创新
1276,马云：数字时代全球化的全新解读
1277,智慧物流：输送分拣行业的机会与挑战
1278,运输和物流中人工智能和自动化的用例据
1279,深度对话：私域流量的本质是把用户BAT化
1280,2020年生鲜电商行业现状分析
1281,淘宝村年成交破万亿:阿里董事长张勇提到了一把金钥匙
1282,企业家，要用明天的思维做今天的事。
1283,物流与制造高度融合的结构化模型来了
1284,2020数字经济十大趋势榜单
1285,八部委重磅官宣：支持供应链金融重构产业互联网
1286,北京市促进数字经济创新发展行动纲要
1287,数字中台，数字化的全速重构与全面转型
1288,绝大多数失败的管理都是从“领导者陷阱”开始
1289,“十四五”开局：五大趋势与五大猜想
1290,供应链：要韧性，不要“任性”
1291,阿里场景金融，如何“打穿”场景？
1292,喜茶创始人29岁身家40亿：人不能被惰性裹挟
1293,“深圳奇迹”背后的逻辑是什么？
1294,怡亚通：中国第一家供应链上市公司
1295,直击：纵论生鲜供应链未来方向
1296,名创优品要上市，靠的是什么？
1297,核心企业开展供应链金融的十五大困境
1298,两部委关于促进航空货运设施发展的意见
1299,亚马逊的智慧物流体系与布局
1300,（重磅）美国交通部发布《国家货运战略规划》
1301,14部门联合印发：推动物流业制造业深度融合创新发展实施方案
1302,对话阿里集团副总裁李少华：如何抓住数字乡村风口？
1303,中国百合第一村：女人开淘宝挣钱，男人做饭看孩子
1304,淘宝1/4店铺来自淘宝村，交易额超1万亿
1305,双11内容电商玩法四大升级
1306,交通运输部：做好网络货运信息化监测工作，促进网络货运新业态健康发展
1307,无人配送能否打通物流“最后一公里”？
1308,物流配送，7-11便利店是怎么做的？
1309,完美日记还能完美多久？
1310,支持供应链产业链稳定升级和国家战略布局
1311,诱人的老龄化市场，公司该如何下手？
1312,商业的进步需要更多好奇心
1313,小红书下重拳，虚假推广路断
1314,喜茶和奈雪的茶：从交叉线走向平行线
1315,盒马开“仓储式会员店”，正面PK山姆、COSTCO？
1316,2020中国制造业高质量发展论坛9月20日在北京会议中心圆满落幕
1317,工信部部长李毅中：为什么中国工业不能被边缘化、空心化
1318,数字化转型这道分水岭，中小企业如何把握机遇？
1319,《关于以新业态新模式引领新型消费加快发展的意见》
1320,商务部研究院副院长张威：提升我国全球供应链竞争新优势
1321,王继祥：后疫情时代商贸物流企业如何应对新变革
1322,美团滴滴“围攻”哈啰，共享电单车的下沉新战事
1323,拼多多为改变中国农村经济究竟布了多大的局？
1324,吴菁芃：供应链管理与系统——库存篇（三）
1325,供需两侧发力：山东推出十项措施加快工业互联网发展
1326,直播带货农产品“明星”不敌“农民”
1327,2000亿的「咖啡市场」，国内还有“能打”的吗？
1328,走向数字世界：中国互联网人的提案
1329,家乐福重塑“一站式购齐“商业定位
1330,弱势门店如何反制强势竞争对手
1331,TikTok与交易的艺术
1332,阿里云从“独自摸黑前行”到“成就新零售盛宴”
1333,腾讯高管长文：2020是私域元年 3种业态可长期运营
1334,腾讯广告：重新发现“社交场”价值
1335,从危机中寻找机遇：疫情下的商业变革
1336,曾志宏：软件机器人在第三方物流应用分析​
1337,汪鸣：新形势下物流产业发展的新动向
1338,工业互联网建设：工业软件的发展和应用是关键
1339,重整供应链，国美零售加速线上转型
1340,巨头新风向 :阿里、腾讯纷纷抢滩东南亚！
1341,美国最新数字发展战略汇总：5年，10亿，12个研究中心
1342,阿里式To B为什么能成功？
1343,阿里秘密打造3年的新业务亮相！这是今年互联网最大创新
1344,直播电商2.0打法：“品牌Boss+明星”带货
1345,阿里新制造平台“犀牛智造”亮相 弥补马云“五新”版图短板
1346,Facebook营销如何引流
1347,产业互联网周报：腾讯大会重申产业数字化
1348,电商突围赛——京东笑了，拼多多很忙
1349,重庆市夜间经济发展大数据分析报告
1350,湖畔大学:传统产业的数字化变革迫在眉睫
1351,To B和To C企业组织能力底层逻辑有何不同？
1352,腾讯施雪松：“We Transport”提供交通行业的全生命周期解决方案
1353,河南发布跨境电商发展报告，服饰鞋帽与针纺织品占首位
1354,美团：腾讯不疼 阿里不爱
1355,《国家物流枢纽布局和建设规划》 推进与落实
1356,巨头看重社区团购背后还是同城零售的棋子
1357,蓝卓副总裁赵伟：区域工业互联网平台建设经验分享
1358,央视快评:把建设现代流通体系作为一项重要战略任务来抓
1359,数字货币：揭幕全球货币变局
1360,10平米车库里诞生的淘宝店，连续四年行业第一
1361,逆流中的国际科技外交：呼唤新一代的利玛窦、李政道
1362,农夫山泉上市：快消业的“一江春水”
1363,新基建下工业互联网安全问题亟待解决
1364,抖音带货的核心逻辑
1365,温州小伙淘宝创业成“鞋大王”
1366,李宁公司联席CEO谈如何锻造“肌肉型企业”
1367,抖音玩转直播电商的秘籍是什么？
1368,40页PPT看懂麦肯锡的思考方式和沟通法则
1369,安踏VS李宁 谁才是国产运动品牌之王？
1370,消除数字鸿沟 重构全球价值链
1371,弥合疫情下的数字鸿沟
1372,习近平主持召开中央财经委员会第八次会议
1373,中国为全球零售业抗疫提供借鉴
1374,"许宪春：人类已进入数字化时代,我国数字化技术发展尚不平衡"
1375,科技赋能新零售，迪信通按下数字化转型
1376,跨境电商引流之YouTube网红营销最强干货
1377,新品牌元年，如何投身这股滔天巨浪 ？
1378,王继祥：新基建推动的创新方向与智慧物流创新模式
1379,宝沃发动机智能制造工厂建设实践
1380,全球数字经济发展仍大有可为
1381,培育5G、工业互联网新优势 新兴产业布局提速
1382,恒大最强汽车基地震撼登场
1383,终于有人把AI、BI、大数据、数据科学讲明白了
1384,打败传统批发的不是电商，可能是物流
1385,唯品会和爱库存干起来了
1386,区块链VS供应链
1387,物美集团张文中:解构重构是实体经济实现商业智能的关键
1388,解读习近平主席在2020年中国国际服务贸易交易会全球服务贸易峰会上的致辞
1389,日本“双循环”经济对我国启示
1390,朱民：数字化转型是未来真正的大考
1391,圆桌对话：拆解直播电商商业逻辑它释放了哪些信号？
1392,国美零售打造全新生态圈 携两大电商抢食本土零售
1393,拼多多上的失意者和得意者
1394,抖音打算怎么和腾讯网易抢生意？
1395,风暴中心，作业帮的跃迁之战
1396,中国电商势头正猛烈
1397,后疫情时代：企业如何利用长尾创新
1398,京东动力强劲，拼多多雪崩?
1399,正新鸡排：开出2万家店 它比肯德基更懂下沉市场
1400,蚂蚁集团为什么不去美股上市?
1401,中企应组建联盟化解海外非市场冲突
1402,互联网企业的“命门”
1403,安踏集团到底做对了什么？市值突破2300亿创行业新高
1404,商业模式的现代思维与创新路径
1405,抖音带货的核心逻辑
1406,把握数字时代趋势 创新宏观治理模式
1407,“十四五”时期经济社会发展十大趋势
1408,【疫情冲击全球产业链】补短板与锻长板“齐头并进”
1409,良品铺子：从零食连锁店到产业路由器
1410,2020年零售业创新启示录
1411,TikTok面临前所未有的“失控”局面
1412,深圳：地均GDP为13.48亿元 位居全国第一名
1413,拯救拼多多GMV的多多买菜
1414,《实体零售全渠道及数字化发展报告2020》之便利店部分
1415,揭秘互联网三大巨头的新“盟友”
1416,腾讯的产业互联网“朋友圈”
1417,阿里零售通重构中国商业毛细血管
1418,绝味食品：一家被优秀供应链管理能力成就的食品龙头
1419,达达集团：即时配送 寡头竞争
1420,江煜辉:后疫情时代新零售综合体如何结构性突围
1421,日本三大金融控股集团如何促进产融结合
1422,永辉生鲜及加工业务228亿
1423,肖亚庆：工业互联网融合创新发展重点做好四方面工作
1424,深圳独角兽企业TOP40公布！
1425,走进广州COMMUNE公社：体验不一般的“酒水博物馆”
1426,安踏复制斐乐的直营模式意欲何为？
1427,十大供应链金融模式之六：怡亚通供应链金融
1428,60万米高空看广州未来发展的秘密在这
1429,为什么三顿半比瑞幸更有机会？
1430,抖音直播彻底切断外链第一波风暴正席卷商家
1431,良品铺子：6年撬动千亿社交电商市场
1432,吴菁芃：物流与信息流元素分析
1433,“六大突破”再造深圳速度和深圳奇迹
1434,工业互联网双跨平台路在何方？
1435,湖南芒果的成功学
1436,支付宝：成为左右蚂蚁集团发展的关键支点
1437,达达集团发上市后首份“成绩单”
1438,海底捞的“波动”与“后劲”
1439,哲学思辨看工业互联与产业互联？
1440,“广州方案”的时与势：智能汽车万亿产业链重构
1441,拼多多进军买菜，价格大战集结号又将吹响
1442,专访林至颖：带你了解供应链的真正魅力
1443,“十四五”规划五大重点方向，打造开放的双循环
1444,国潮2.0：再造中国品牌
1445,京东数科：转型故事迎来资本市场大考
1446,安克创新成功上市 打造中国出海品牌典范
1447,数智时代的零工经济：不止于一场工作的革命
1448,广东数字农业农村将这样发展
1449,补齐交通短板 畅通农村“大动脉”
1450,微信小商店全量开放支持个人一键开店
1451,“风起云涌”的「下沉市场」
1452,中美对比谈国内区块链人才培养
1453,腾讯没有电商基因，只有电商土壤
1454,刘宗长：工业人工智能与工业互联网为制造业带来的价值机遇
1455,阿里的韧性
1456,数字经济挑战推动国际税制规则重塑
1457,后浪来袭，看WonderLab如何霸屏朋友圈
1458,刘强东“隐身”这两年，京东多了些新敌人
1459,物流产业“上链”解痛点
1460,多家生鲜电商企业共话产业发展
1461,许家印为何将恒大总部搬到深圳粤海街道？
1462,后新冠时代全球价值链的重构
1463,抖音电商大跃进：收紧流量资源 阿里京东拼多多或遭遇今年最大限流
1464,菜鸟与阿里的七年之痒
1465,刘烈宏：“5G+工业互联网”融合创新发展
1466,呼之欲出的数字货币，能成为穷人的救星吗？
1467,透析：京东物流再难复制
1468,百度刘天奇：时空大数据护航线下消费，助燃实体经济发展
1469,京东禁用申通，快递的“硝烟战”
1470,大数据产业协会张金鹏：5G助力直播 告别一锤子买卖
1471,孙可畏:企业内部管理数字化变革
1472,微软管震：做一个能服务600家品牌企业的解决方案有多难
1473,供应链金融产品设计的十二大原则
1474,潘旭华：宜家在中国的物流中心建设与运营
1475,吴菁芃：现代物流信息化技术应用系列专题（二）
1476,丰田何以重回世界第一？
1477,拼多多让特斯拉“掉价”了吗？
1478,解锁“综艺+电商直播”带货力
1479,电商革命：新零售时代已经揭开序幕
1480,吴菁芃：现代物流信息化技术应用系列专题（一）
1481,数字化转型 物流及供应链的“加速”之道
1482,数字人民币将成中国金融新名片
1483,新零售策略规划：客户为王的4.0世代
1484,阿里砸36亿入股，千方科技凭的是什么？
1485,我国科技期刊面临四大难题
1486,阿里巴巴：未来五年是数字农业窗口期
1487,广州打造数字经济和城市更新双引擎上走前列
1488,《关于进一步稳外贸稳外资工作的意见》
1489,2020年中国网络零售行业市场现状及竞争格局分析
1490,一文读透大宗商品供应链 揭示为何大宗产业互联网有机会
1491,Salesforce正式宣告SaaS模式的胜利！
1492,雷军：小米10周年演讲全文：没有任何成功是不冒风险的
1493,数字经济何处发力？15大新业态、新模式被划重点
1494,【中美关系】数字经济：中美竞争新领域
1495,周子衡：数字经济的现实发展与未来趋势
1496,【干货】50个最全供应链金融风控问题来了
1497,巨头都在布局的农产品供应链到底是什么？
1498,京东物流与跨越速运达成战略合作
1499,上海在线经济等新业态新模式蓬勃发展
1500,京东正式收购工品汇，To B市场上演资本整合戏码
1501,“网订柜取”新物种盒小马，颠覆早餐模式？
1502,解锁数字经济“飞轮效应”
1503,互联网巨头再砸5亿 阿里京西背后的数据中心争夺战
1504,广州试验区打造“三个一”创新体系
1505,供应链人必知的供应链5大常识
1506,《关于开展便利店品牌化连锁化三年行动》的通知
1507,直播电商经济：概况、历程与未来
1508,官金仙：数据中心将对大湾区发展产生巨大价值
1509,价格战开打：社区生鲜团购谁最便宜？
1510,全国第五大GDP城市，金融及信息产业成为新动力 
1511,领导提拔人的三个特质
1512,如何理解“双循环”的格局及投资含义？
1513,疫情后的盒马鲜生该如何突破重围？
1514,阳光印网：9年孵化 “易采PNP”数字化采购SaaS宣布独立运营
1515,世界500强中企数量现历史性跨越
1516,京东入股见福：当前实体零售最大布局者
1517,百果园集团焦岳：线上线下一体化打造社区商业
1518,数字化已经成为企业生存发展的「必选项」
1519,天虹谭晓华：疫后新常态下的零售数字化
1520,京东王敬：社区商业如何做好差异化
1521,阿里巴巴肖利华：全速重构 数字驱动新增长
1522,零售数字化“新基建”，有赞缘何成为主推手？
1523,疫情下北森的组织变革实践
1524,无人零售正在迎来最好的时代
1525,疫情加快酒店数字化转型
1526,拆解Sea：“东南亚小腾讯”是如何炼成的
1527,美的：再次转型创新，推动全面数字化和全面智能化
1528,「MINI小业态」为何成了“香饽饽”？
1529,这2年，腾讯智慧零售在下“什么棋”？
1530,腾讯Blade Team：不设短期KPI，永远比行业“早半步”
1531,「网红第一锅」之后，自嗨锅的长红生意经
1532,杀入奶茶市场的娃哈哈能否转型成功？
1533,半年200场市县长直播拼多多狠拼农业
1534,疫情倒逼数字经济发展15种新业态新模式获政策力挺
1535,快时尚电商SheIn和Zaful到底什么来头？
1536,字节跳动是中国公司么？
1537,数字化：文旅产业融合发展的新方向
1538,智能制造与数字化转型详解
1539,全球独角兽榜发布：TikTok母公司估值5600亿
1540,广州天河传统服装批发市场如何用好“直播带货”助力升级？
1541,中国第一民企“诞生”，年营收5700亿
1542,布局数字化供应链！利丰和京东达成战略投资协议
1543,中国谋划新发展格局有何深意？
1544,供应链大时代的物流企业
1545,联播+ | 如何构建新发展格局习近平这样“指路”
1546,顺丰正式发布三款大数据产品
1547,爆火的网红品牌们还能火几年？
1548,物流市场流通变革，杀死老玩家
1549,苏宁下一个十年：变与不变
1550,中国SaaS发展史：一半是火焰，一半是海水
1551,“5G数字化咖啡”背后是「触点逻辑」
1552,沃尔玛中国的数字化「加速度」
1553,字节跳动的境况有多糟糕？
1554,良品铺子：背靠社交电商千亿元规模市场全面盘活“公”、“私”流量
1555, IBM一周回顾:Adobe、IBM与Red Hat达成战略合作
1556,字节跳动宣布剥离美国业务
1557,陈立平：经济内循环“倒逼”零售业变革
1558,中国便利店新王出现：正式打败美宜佳
1559,字节跳动为什么一直在招人？
1560,杀死TikTok：扎克伯格社交帝国的阴暗面
1561,追赶时代的步伐——高鑫零售2019年回顾与展望
1562,社区团购的下半场怎么搞?
1563,中国互联网行业发展态势指数报告
1564,智慧社区建设—创新社区治理与服务模式解决方案
1565,餐饮零售化，正成为一股“新潮”？
1566,京东战略投资利丰：上演供应链新故事
1567,【行业分析】2020中国智慧物流产业研究报告
1568,亚马逊“飞轮”及物流供应链体系
1569,李克强主持召开国务院常务会议
1570,吴菁芃：（上）现代物流配送中心规划专题
1571,吴菁芃：（中）现代物流配送中心规划专题
1572,吴菁芃：（下）现代物流配送中心规划专题
1573,吴菁芃：供需硬核——供应链系统与创新
1574,5G，将会改变哪些行业？
1575,吴菁芃：（上）全球霸业演变中的供应链
1576,现代物流的核心——配送中心
1577,美团取消支付宝支付，移动支付硝烟再起
1578,吴菁芃：（下）全球霸业演变中的供应链
1579,吴菁芃：冷链产业与新物流
1580,吴菁芃：新的世界格局，新的数字物流
1581,集装箱与集装标准化方法
1582,关于《中国产业数字化报告2020》
1583,供应链金融如何创新风控模式？
